index,account_balance
3397,998.0
3548,-650.0
3220,470.0
1338,-888.0
1876,-887.0
4194,133.0
2436,117.0
4444,775.0
120,1890.0
3224,-375.0
3110,841.0
3208,-518.0
883,58.0
298,593.0
1189,201.0
2995,593.0
2249,780.0
865,-255.0
1569,181.0
103,3777.0
3811,-402.0
4396,0.0
36,229.0
975,215.0
2207,1117.0
441,239.0
696,6000.0
3471,1291.0
4407,59.0
3464,238.0
4200,548.0
1574,7702.0
1797,125.0
1427,358.0
2584,2395.0
3371,-471.0
1931,4365.0
2934,88.0
3904,76.0
2098,32.0
4224,426.0
1699,323.0
1577,104.0
91,455.0
352,278.0
2083,214.0
146,1906.0
1771,347.0
935,2904.0
858,144.0
1882,440.0
3936,3050.0
2262,99.0
996,37.0
1600,6217.0
2905,202.0
3677,167.0
2006,1869.0
3039,8044.0
284,260.0
3611,389.0
3783,76.0
1302,494.0
3318,745.0
3661,0.0
3589,3576.0
1005,10758.0
2615,776.0
1221,1772.0
2359,417.0
3645,6.0
503,103.0
4161,0.0
2651,2984.0
3776,-11.0
1633,699.0
2928,930.0
2983,1278.0
2510,-200.0
2824,2380.0
3964,835.0
3865,0.0
2184,3107.0
1201,1270.0
1215,598.0
679,3706.0
515,757.0
781,352.0
1331,97.0
3708,473.0
4427,0.0
2546,508.0
1387,553.0
2257,383.0
4357,213.0
2010,1494.0
1307,1459.0
4298,3529.0
3988,-967.0
590,334.0
2424,1890.0
3002,3354.0
176,5181.0
4475,1335.0
3990,0.0
3580,6704.0
811,88.0
4003,-147.0
2182,104.0
2090,0.0
4333,2186.0
2994,140.0
1863,45.0
4408,131.0
4334,20453.0
2863,385.0
2191,363.0
172,462.0
3164,6164.0
4451,6880.0
2589,1273.0
1888,-72.0
1434,846.0
261,0.0
3130,0.0
3649,771.0
4426,1536.0
940,172.0
1167,889.0
639,703.0
1557,1562.0
1575,464.0
744,4020.0
3272,5045.0
397,6101.0
3730,3285.0
2877,169.0
1436,-28.0
3494,-1.0
4121,-308.0
668,138.0
2073,697.0
2776,22856.0
188,23.0
3027,0.0
598,-49.0
2243,401.0
280,593.0
3533,179.0
457,402.0
3257,1588.0
3149,500.0
1219,320.0
2984,982.0
4377,-617.0
1083,768.0
1214,0.0
1738,2058.0
1950,1260.0
4286,722.0
3619,145.0
909,-139.0
2089,104.0
4267,148.0
1103,1665.0
230,142.0
4011,1602.0
719,1045.0
3267,321.0
3590,1666.0
1540,1210.0
340,832.0
2959,33.0
3884,506.0
205,0.0
2434,57.0
353,4.0
4399,452.0
330,121.0
1091,0.0
3282,295.0
2197,46.0
3180,0.0
687,-12.0
4413,493.0
1135,0.0
2707,541.0
2351,1317.0
1955,-154.0
3046,232.0
1727,197.0
4118,189.0
2245,115.0
1862,1230.0
510,121.0
3436,444.0
2868,771.0
2119,591.0
4418,3529.0
3641,268.0
2155,712.0
4064,125.0
943,109.0
3986,6836.0
4217,2812.0
2469,1623.0
3338,293.0
1316,3134.0
3340,199.0
2039,13044.0
1519,769.0
3717,1585.0
2278,943.0
2701,809.0
1530,3992.0
2462,1380.0
4448,304.0
861,866.0
2918,14.0
3284,367.0
3349,265.0
1865,950.0
563,2497.0
1011,198.0
1872,247.0
3247,1545.0
1733,3172.0
249,0.0
4018,261.0
3577,0.0
3000,644.0
999,291.0
694,1430.0
1958,-1164.0
1817,2171.0
2394,2319.0
3927,1698.0
3088,2544.0
1468,0.0
189,-1206.0
3597,4994.0
4290,35.0
295,-701.0
2742,1203.0
2363,659.0
1026,1069.0
907,60.0
1815,175.0
135,0.0
1922,-300.0
3858,-107.0
171,37.0
258,7190.0
977,134.0
2602,-589.0
755,739.0
4468,1.0
3956,2734.0
2474,1667.0
2411,0.0
3486,1987.0
4264,162.0
493,22.0
3862,49.0
3822,420.0
2440,0.0
1772,1253.0
1850,1295.0
1752,871.0
2503,540.0
1568,0.0
3077,128.0
2202,199.0
1565,728.0
1938,80.0
2592,0.0
3792,2.0
2068,1167.0
1983,105.0
1159,62.0
2304,139.0
3171,1199.0
3764,24.0
2425,2400.0
4062,109.0
2445,20.0
1335,1564.0
2596,4.0
754,1949.0
1536,2979.0
4434,175.0
4337,519.0
3470,0.0
2525,23.0
4366,0.0
4014,21515.0
3877,367.0
1035,1852.0
203,1315.0
2566,1387.0
2572,242.0
59,784.0
1714,0.0
107,483.0
3515,1206.0
3694,0.0
1505,124.0
675,64.0
1943,212.0
3256,495.0
655,0.0
686,7708.0
236,3576.0
3817,95.0
3644,2223.0
3832,-938.0
2335,490.0
2962,14220.0
2943,688.0
2045,318.0
1063,1165.0
4411,230.0
2548,41.0
3818,765.0
779,159.0
1042,81.0
124,-55.0
3442,5462.0
3373,14.0
155,308.0
4165,1881.0
4241,411.0
980,388.0
1129,243.0
263,624.0
3066,856.0
1897,87.0
4148,538.0
820,421.0
3126,2.0
3463,199.0
596,201.0
3693,846.0
26,627.0
982,1291.0
1340,127.0
1317,49.0
1646,2273.0
1868,-679.0
1516,242.0
2479,-136.0
1673,1281.0
2579,477.0
3472,1844.0
1903,197.0
1027,231.0
2384,62.0
988,525.0
2852,562.0
9,-88.0
3485,16874.0
1549,28.0
4364,1490.0
4046,3972.0
1041,2903.0
3643,998.0
3534,1544.0
289,69.0
3345,10787.0
3331,2240.0
400,4515.0
4489,6945.0
561,11555.0
2523,476.0
2286,790.0
3623,1209.0
834,1772.0
1464,1766.0
1092,599.0
816,77.0
1598,1499.0
897,1354.0
2820,1116.0
3815,623.0
806,629.0
1143,501.0
2338,596.0
94,14093.0
3115,585.0
732,3463.0
2687,1673.0
445,1222.0
3834,189.0
659,-117.0
3401,336.0
2764,2157.0
1122,4089.0
3356,500.0
4170,36.0
4115,126.0
3728,0.0
1995,-23.0
414,4380.0
4505,620.0
688,6483.0
1899,1361.0
245,0.0
4519,1137.0
751,3098.0
3948,-55.0
4109,177.0
247,0.0
3147,-9.0
2496,593.0
4195,868.0
4402,39.0
711,39.0
4405,463.0
699,0.0
2413,257.0
1786,1175.0
3575,307.0
420,1076.0
2988,2543.0
4514,1205.0
367,8436.0
4368,1012.0
3994,1956.0
2071,4760.0
2211,1598.0
804,-1212.0
2312,50.0
1896,0.0
2507,2613.0
2769,0.0
2494,136.0
84,1315.0
651,81.0
3448,319.0
4021,9328.0
1518,286.0
1554,1328.0
3950,14.0
4000,26.0
1152,0.0
2050,230.0
1637,1211.0
4259,48.0
710,67.0
1539,322.0
2967,1712.0
822,13669.0
640,887.0
1892,100.0
1136,1482.0
546,2.0
1737,345.0
2611,-320.0
995,1370.0
543,157.0
654,225.0
2268,-424.0
3876,1670.0
3195,6904.0
2422,7041.0
1920,1729.0
2805,634.0
2254,-471.0
4092,297.0
3839,2323.0
3746,-470.0
2817,648.0
1113,3897.0
1400,2.0
3704,199.0
2327,8238.0
1671,624.0
1660,108.0
1067,8262.0
1596,84.0
1949,226.0
3291,9207.0
2483,271.0
2635,616.0
4291,895.0
1909,75.0
985,543.0
1314,-583.0
2513,191.0
1878,1386.0
3412,72.0
3219,763.0
40,11971.0
2258,3782.0
1051,-388.0
4248,398.0
1618,8139.0
3120,187.0
325,6699.0
113,22.0
1417,0.0
1179,5106.0
3068,64.0
1285,386.0
2961,1787.0
717,10786.0
2590,0.0
3491,2306.0
1315,1784.0
4253,3161.0
2287,1449.0
1485,113.0
3200,3298.0
958,-51.0
1965,0.0
4300,0.0
169,1143.0
116,1808.0
218,305.0
4376,-10.0
2637,313.0
757,231.0
1382,299.0
1767,297.0
92,-195.0
770,-32.0
1047,872.0
4242,584.0
4370,5431.0
1770,-1.0
807,-202.0
723,586.0
3213,13229.0
4199,603.0
4151,2478.0
4036,4441.0
3901,395.0
970,1013.0
567,3611.0
2808,1532.0
3861,961.0
3666,38.0
318,2971.0
3909,2187.0
990,964.0
4083,1612.0
1513,-99.0
2850,1574.0
106,427.0
1604,151.0
160,20.0
3680,4094.0
1213,2576.0
4338,19447.0
931,2993.0
641,0.0
4423,2048.0
2303,3485.0
151,442.0
3931,3676.0
2234,1.0
4206,260.0
180,172.0
3813,1732.0
2038,5137.0
747,322.0
778,0.0
1332,204.0
3383,103.0
3814,263.0
2925,-97.0
347,2587.0
888,757.0
2087,1566.0
2049,4198.0
1848,2240.0
4104,1325.0
3957,52.0
294,3681.0
1363,2627.0
1832,-81.0
1451,3748.0
4126,358.0
1237,189.0
3971,1758.0
4305,306.0
1244,1467.0
221,4030.0
2697,2506.0
2550,251.0
357,3196.0
2198,575.0
3103,61.0
2580,42.0
2028,245.0
1728,6.0
1686,302.0
584,192.0
2505,-59.0
1151,205.0
1239,4229.0
3212,177.0
3369,1291.0
875,11303.0
109,0.0
2907,1707.0
466,-370.0
976,1594.0
3477,574.0
291,480.0
164,80.0
2854,35.0
1137,3052.0
2346,1169.0
4287,3337.0
2987,128.0
2376,152.0
242,3762.0
2493,40.0
801,445.0
3072,2366.0
645,548.0
3055,2.0
1936,695.0
2369,68.0
4518,295.0
4497,38.0
1585,5639.0
3639,929.0
528,2567.0
3294,1217.0
2846,881.0
2609,-226.0
3498,462.0
1258,741.0
2484,1153.0
587,16.0
498,258.0
468,10378.0
2923,260.0
2169,404.0
1507,-7.0
2937,705.0
3334,23.0
3222,5739.0
2862,900.0
3402,131.0
4071,12.0
3863,3470.0
2630,0.0
1264,541.0
1456,-423.0
1385,3165.0
3319,1309.0
4326,9.0
3299,427.0
1684,1322.0
1555,412.0
27,696.0
3514,270.0
3939,243.0
3535,199.0
3194,81.0
219,400.0
516,691.0
1550,1012.0
451,-402.0
2662,981.0
680,174.0
3703,-97.0
588,-256.0
3163,373.0
1276,5037.0
2129,-306.0
4463,920.0
351,32.0
1098,0.0
671,310.0
2789,621.0
3552,35.0
832,163.0
184,-62.0
1384,-335.0
3431,153.0
1762,44.0
15,194.0
971,262.0
3089,427.0
1986,618.0
4343,40.0
2641,19.0
4172,760.0
1847,291.0
4315,749.0
2355,1286.0
293,0.0
3157,6053.0
3794,3274.0
4374,3854.0
2957,0.0
1104,851.0
373,-379.0
2591,2892.0
2019,42.0
4281,335.0
61,415.0
4341,0.0
1731,235.0
1052,11.0
148,179.0
1819,10.0
3166,1156.0
3516,198.0
3357,25.0
380,0.0
2143,4089.0
2475,975.0
1836,2488.0
4378,195.0
968,1909.0
310,8545.0
2804,775.0
1869,773.0
3777,396.0
614,1161.0
3568,1022.0
3711,781.0
1692,0.0
3629,401.0
3391,70.0
3465,5092.0
3898,748.0
3767,139.0
220,-22.0
1515,19.0
1875,180.0
2722,25.0
4237,2085.0
1044,178.0
1403,912.0
2668,428.0
260,209.0
989,353.0
4030,0.0
716,115.0
3169,-314.0
3541,310.0
3618,248.0
3389,361.0
3365,1847.0
2091,-22.0
2398,-2082.0
544,2465.0
2576,469.0
3058,4030.0
1810,373.0
3506,3.0
4398,31.0
4138,2880.0
1682,415.0
56,82.0
3188,86.0
2135,3.0
4111,1959.0
3614,261.0
3467,221.0
1946,257.0
3411,0.0
2385,3333.0
4080,2805.0
299,759.0
4227,0.0
3407,502.0
4027,265.0
1381,204.0
69,360.0
4146,1259.0
1413,1520.0
1890,499.0
3178,786.0
2126,781.0
1209,1640.0
2564,-701.0
1303,1519.0
1845,261.0
168,310.0
2407,33.0
2205,3823.0
229,0.0
484,55.0
2280,-105.0
4056,2420.0
2181,33.0
3271,4438.0
1470,4103.0
270,0.0
2588,134.0
2093,72.0
1525,871.0
3199,1922.0
4163,33.0
1218,2508.0
815,456.0
232,33.0
3593,1628.0
4506,-166.0
3868,-407.0
1921,434.0
4297,592.0
302,345.0
3107,658.0
3138,23.0
1236,116.0
3744,321.0
2459,0.0
3850,377.0
3888,23.0
2085,-77.0
2753,133.0
2933,1601.0
1324,171.0
54,2231.0
2620,1453.0
3952,887.0
1695,132.0
2236,-18.0
2466,5564.0
1648,744.0
3460,110.0
1313,151.0
2542,105.0
3025,16957.0
1349,425.0
3759,65.0
3028,79.0
3252,2278.0
867,636.0
837,7066.0
3715,2967.0
1366,-296.0
4171,969.0
1342,710.0
3699,253.0
3751,116.0
505,296.0
1172,230.0
28,784.0
2472,865.0
1391,361.0
3137,3068.0
1296,2.0
2193,0.0
3336,215.0
1068,14.0
3687,770.0
967,6411.0
1531,2749.0
4143,753.0
4355,-292.0
603,2881.0
2784,5731.0
2109,-145.0
4416,811.0
3483,7780.0
100,0.0
1781,286.0
541,59.0
4415,-133.0
1743,34.0
2882,-254.0
3935,1704.0
2332,102.0
2528,745.0
1887,18347.0
3549,292.0
3763,137.0
1207,177.0
4438,98.0
4359,3232.0
4203,1689.0
487,779.0
987,604.0
363,2039.0
198,782.0
4159,94.0
2810,103.0
2215,1534.0
305,205.0
1462,2727.0
1003,355.0
2283,0.0
4331,263.0
4106,647.0
783,179.0
2659,92.0
1093,-218.0
2439,64.0
2679,699.0
1776,17555.0
1497,197.0
1079,202.0
1373,379.0
333,228.0
2220,139.0
3230,2285.0
2366,0.0
2531,696.0
4239,2305.0
2149,1059.0
3688,-673.0
1049,72.0
633,0.0
123,-231.0
3586,2160.0
1131,2817.0
3023,1830.0
4275,15.0
1323,91.0
942,222.0
3414,173.0
1910,1139.0
4472,200.0
1474,432.0
139,6313.0
2986,1.0
1783,0.0
3749,410.0
1777,5172.0
490,826.0
392,2923.0
197,1.0
1948,3083.0
1599,0.0
1713,2190.0
1271,673.0
338,1084.0
1793,399.0
306,687.0
248,484.0
2456,3163.0
1119,4937.0
1578,1041.0
1757,243.0
911,1427.0
3481,0.0
315,1317.0
2685,0.0
3499,0.0
4039,448.0
3105,0.0
4012,0.0
1808,808.0
2980,1580.0
739,1034.0
3146,357.0
662,25.0
2316,13342.0
4081,565.0
1879,2211.0
2260,691.0
2529,8106.0
1330,-584.0
2137,0.0
915,4040.0
2292,2087.0
3578,719.0
2414,118.0
4133,0.0
4307,186.0
3945,157.0
3344,395.0
2114,1412.0
1730,630.0
4414,256.0
3279,2197.0
458,641.0
1825,0.0
3714,434.0
1149,1173.0
4517,-3313.0
1274,-97.0
644,890.0
145,106.0
3266,192.0
1753,83.0
2730,9.0
557,1304.0
3475,0.0
4321,-27.0
3648,691.0
264,883.0
477,7802.0
1744,795.0
1352,1021.0
844,65.0
2713,98.0
1827,4374.0
2136,0.0
3415,-162.0
2293,2.0
1919,2552.0
1475,1172.0
4395,1568.0
2417,0.0
4263,10.0
1741,51.0
345,219.0
2103,1970.0
1162,186.0
2375,622.0
3531,0.0
4284,641.0
2069,35.0
1420,452.0
842,1927.0
750,1.0
1376,1466.0
1590,191.0
3413,61.0
2732,-322.0
2392,1343.0
2301,14.0
1689,3238.0
3309,618.0
956,3276.0
502,13.0
3825,4.0
267,-988.0
3045,3177.0
2638,290.0
612,81.0
851,5.0
2261,0.0
3422,1047.0
1180,636.0
2650,158.0
1100,1831.0
2600,959.0
2266,0.0
1182,126.0
3978,1948.0
362,395.0
2723,9851.0
1441,301.0
3283,2128.0
3041,92.0
4320,333.0
2465,4232.0
2624,22370.0
2397,30.0
105,574.0
4258,5980.0
2322,46.0
1228,4902.0
3021,60.0
3820,5549.0
3960,1611.0
2848,462.0
121,419.0
2066,2959.0
2139,0.0
3108,1679.0
4059,1533.0
3886,678.0
2151,602.0
3766,311.0
1278,-932.0
11,264.0
788,764.0
3921,7944.0
3168,2381.0
1966,10.0
2339,2059.0
1828,456.0
4107,2142.0
524,-839.0
626,9449.0
2142,864.0
199,3771.0
1163,977.0
322,179.0
608,1594.0
2839,1327.0
1227,75.0
2464,1129.0
1980,2038.0
3362,6.0
350,1660.0
202,2658.0
972,3217.0
933,361.0
2559,17.0
3246,-241.0
809,703.0
2741,61.0
3604,0.0
1108,146.0
1960,98.0
2888,0.0
2025,2975.0
2409,1649.0
2431,1289.0
2867,1.0
2175,442.0
2514,694.0
1455,14.0
3106,10.0
3434,21.0
1780,1533.0
4099,71.0
1852,669.0
2159,386.0
3872,209.0
2480,3636.0
433,130.0
2059,1412.0
2362,407.0
3405,1102.0
693,28.0
2457,32.0
2209,0.0
1257,5050.0
594,0.0
3315,79.0
240,1.0
3248,1026.0
2131,1265.0
1934,489.0
720,810.0
2330,7.0
1969,175.0
158,50.0
2780,302.0
3791,22196.0
2885,50.0
829,714.0
2222,475.0
2940,1191.0
2782,64.0
2403,1048.0
678,133.0
1231,490.0
254,222.0
2328,913.0
1178,1.0
7,147.0
3670,92.0
364,5450.0
4404,4945.0
2801,1100.0
887,338.0
1359,0.0
1750,3232.0
1196,4415.0
531,76.0
3184,5086.0
509,315.0
2078,1086.0
928,6102.0
846,4366.0
2570,0.0
1341,413.0
3690,0.0
3897,2096.0
2714,477.0
4179,-566.0
3316,3043.0
3031,332.0
178,1699.0
3359,34.0
3311,230.0
1873,4143.0
4139,1069.0
3001,-26.0
2761,0.0
3735,58.0
312,2.0
884,606.0
1649,608.0
1235,-632.0
885,0.0
1716,1550.0
3659,64.0
1110,-10.0
331,828.0
1354,781.0
3628,182.0
1336,856.0
1133,127.0
532,663.0
341,478.0
3741,30.0
3033,-54.0
3530,112.0
372,-140.0
2629,1770.0
3602,474.0
1964,50.0
2851,1625.0
556,2275.0
3674,0.0
1169,1193.0
1759,3672.0
2768,88.0
2380,6402.0
2673,560.0
1121,5403.0
3592,0.0
2348,940.0
3113,-37.0
3142,1147.0
2153,255.0
3890,459.0
1788,113.0
3253,157.0
70,0.0
382,9676.0
4454,102.0
2056,1469.0
3092,523.0
3104,2557.0
2746,1219.0
718,498.0
2705,75.0
2402,772.0
2575,827.0
3657,3337.0
707,8894.0
777,102.0
3910,14440.0
2282,787.0
1077,1988.0
1408,39.0
835,-151.0
2310,320.0
1998,1378.0
570,242.0
235,20.0
2187,-11.0
2906,0.0
908,3485.0
4189,699.0
2489,-966.0
4252,563.0
1997,77.0
1857,434.0
3996,-294.0
574,67.0
4233,582.0
741,1633.0
692,599.0
4457,6969.0
1479,620.0
452,1577.0
4068,6900.0
2016,7876.0
1634,759.0
1230,1341.0
1241,549.0
492,1796.0
3122,318.0
3082,1868.0
2949,147.0
1639,376.0
4481,642.0
782,865.0
1322,2008.0
327,145.0
4066,3064.0
431,20.0
1280,236.0
3322,178.0
4456,3953.0
3426,2077.0
1541,634.0
2724,5095.0
3016,122.0
3816,3540.0
1291,61.0
35,1811.0
766,1052.0
285,2269.0
1538,203.0
1735,407.0
3112,1160.0
401,517.0
3642,83.0
237,206.0
1901,34.0
3385,0.0
2053,-46.0
4127,917.0
279,37.0
304,353.0
2084,343.0
2011,0.0
2891,0.0
1001,438.0
2861,0.0
1558,3432.0
3842,608.0
3922,1143.0
3285,1477.0
1711,2185.0
394,43.0
752,352.0
4091,2394.0
1503,-113.0
2558,796.0
337,1410.0
3466,1088.0
497,4943.0
2880,481.0
2000,60.0
1621,203.0
4362,697.0
174,9009.0
2054,0.0
1814,180.0
3262,314.0
406,744.0
1378,951.0
475,452.0
4183,2934.0
2201,777.0
736,204.0
701,445.0
111,1517.0
1461,0.0
2252,2433.0
2086,1046.0
3204,0.0
2219,2776.0
1344,171.0
1945,4404.0
4379,1172.0
2971,346.0
3151,59.0
3669,30.0
343,3950.0
3812,3342.0
1543,47.0
2656,712.0
2077,201.0
356,271.0
572,1319.0
2442,118.0
3569,78.0
3944,171.0
4387,3653.0
1148,446.0
3987,61.0
3606,308.0
3450,389.0
22,106.0
2551,-17.0
2975,-551.0
4221,2106.0
3287,127.0
4044,2.0
4001,191.0
2231,48.0
2840,557.0
1849,0.0
3784,2034.0
1414,-140.0
4388,1097.0
1283,639.0
4391,266.0
3354,1471.0
4220,-416.0
2228,3973.0
211,-350.0
2603,-8.0
1651,1291.0
2554,777.0
67,444.0
3716,-331.0
945,1066.0
3984,1378.0
775,168.0
2502,0.0
1551,245.0
4442,1506.0
3337,23.0
4230,4039.0
513,108.0
144,323.0
3900,3809.0
4317,-1.0
1361,73.0
2063,694.0
3555,-674.0
3691,5244.0
3396,465.0
1034,2323.0
551,-228.0
1860,99.0
3380,142.0
2420,5498.0
1747,-469.0
1045,299.0
1533,1721.0
873,2485.0
1117,-411.0
1834,0.0
233,0.0
3328,112.0
824,794.0
3187,474.0
1880,-495.0
2232,7696.0
1284,849.0
3182,1554.0
880,255.0
2674,325.0
2737,8309.0
359,2572.0
64,16873.0
3507,198.0
346,1602.0
2343,223.0
4132,1063.0
2901,223.0
1794,-435.0
1247,-11.0
4513,322.0
3929,0.0
823,1429.0
3926,-1.0
2773,0.0
4371,317.0
3386,517.0
1171,0.0
1036,2647.0
170,2980.0
2726,1368.0
4421,7845.0
2748,-839.0
1915,1026.0
2779,-588.0
878,203.0
3752,0.0
2177,671.0
3095,1810.0
1763,2887.0
3732,79.0
3622,614.0
952,2662.0
1527,63.0
2743,1067.0
4205,0.0
4103,25.0
3378,0.0
3525,68.0
1365,-319.0
2450,2519.0
2565,817.0
4096,37.0
243,-247.0
4157,159.0
1984,551.0
2813,1990.0
4207,589.0
1261,1.0
4234,8218.0
2377,2.0
4177,1341.0
2412,419.0
1683,0.0
17,2317.0
3701,5108.0
4069,-179.0
1056,3904.0
4155,914.0
204,455.0
3893,61.0
1120,725.0
3595,447.0
2399,89.0
4393,101.0
480,715.0
102,5996.0
599,1413.0
4314,1626.0
2775,685.0
2632,2358.0
1774,781.0
4325,-626.0
2899,123.0
2356,804.0
4084,180.0
2913,413.0
3376,382.0
939,8312.0
215,372.0
1211,10177.0
2140,3727.0
1286,1218.0
1072,419.0
1075,454.0
2686,0.0
1615,417.0
2889,109.0
916,13.0
2042,625.0
3367,897.0
1739,889.0
1593,1572.0
449,2.0
553,1932.0
217,975.0
3065,-31.0
1114,487.0
1418,2253.0
665,0.0
1749,825.0
3399,1285.0
2796,1270.0
3447,146.0
2273,-11.0
549,378.0
2092,0.0
4458,572.0
1653,306.0
3308,362.0
535,1054.0
1800,0.0
316,182.0
1778,15520.0
2541,14.0
2156,57.0
2755,1114.0
2985,16.0
743,3334.0
1347,751.0
3048,414.0
4097,410.0
1421,-97.0
3312,1287.0
1535,4760.0
65,203.0
1961,3419.0
1292,1091.0
508,428.0
1199,2988.0
4019,0.0
1822,156.0
448,2.0
1170,2729.0
2997,589.0
3780,170.0
2410,287.0
2823,3665.0
2534,25.0
1570,176.0
1670,0.0
1410,265.0
300,4531.0
3620,598.0
4515,473.0
2757,0.0
3265,1467.0
4455,181.0
1450,1103.0
3026,26.0
3277,576.0
3417,1983.0
1698,3283.0
652,59.0
3038,2201.0
2082,216.0
402,148.0
2897,326.0
1855,618.0
3617,-422.0
3585,-118.0
841,439.0
2353,1007.0
2161,260.0
2491,4007.0
3782,2320.0
3061,168.0
1517,13.0
1820,4958.0
4292,752.0
2052,263.0
1542,273.0
68,0.0
2858,1558.0
1611,1297.0
3790,92.0
539,920.0
1659,84.0
140,948.0
3018,35.0
473,4608.0
3206,0.0
1457,3696.0
600,264.0
474,666.0
3946,934.0
3381,645.0
3067,318.0
1130,877.0
3430,1922.0
319,1064.0
3918,49.0
409,0.0
118,52.0
1900,0.0
2692,1310.0
3838,-614.0
1012,841.0
4085,0.0
1709,70.0
2733,1114.0
784,5.0
262,5803.0
2872,308.0
1522,238.0
4270,896.0
2573,171.0
4482,466.0
3320,290.0
410,322.0
4471,3534.0
424,342.0
4278,1810.0
1790,1477.0
658,57.0
3086,736.0
2778,602.0
1755,226.0
2728,-396.0
266,872.0
98,2843.0
2120,0.0
3111,0.0
4232,-242.0
709,14752.0
2492,567.0
902,409.0
2613,725.0
1073,726.0
4134,424.0
47,0.0
2973,556.0
3979,751.0
831,1996.0
1702,343.0
642,1178.0
3833,1139.0
2047,1937.0
4508,642.0
1694,1798.0
3114,94.0
97,261.0
1050,0.0
4269,185.0
1006,5.0
1566,2418.0
948,428.0
1039,9720.0
456,5462.0
808,271.0
1870,10788.0
2802,516.0
1016,439.0
1146,246.0
3916,0.0
2190,837.0
2812,748.0
4492,309.0
684,168.0
3099,0.0
2426,519.0
3734,0.0
2729,1011.0
2543,767.0
1547,1544.0
2048,3859.0
1018,466.0
2793,7864.0
3159,725.0
439,22.0
526,1033.0
2568,2917.0
1311,867.0
2831,1980.0
2300,13.0
3563,151.0
2892,2685.0
2664,-70.0
2747,7.0
2792,478.0
4274,378.0
1125,2998.0
3600,0.0
1981,833.0
3179,4015.0
2586,376.0
1486,782.0
3427,0.0
1594,385.0
1967,950.0
2247,94.0
3276,2723.0
3558,6610.0
1978,310.0
756,1167.0
3510,136.0
3393,279.0
1282,2581.0
3692,117.0
375,0.0
24,543.0
2504,280.0
3302,0.0
4140,4382.0
1681,300.0
1060,1147.0
3873,3304.0
290,4108.0
1203,5173.0
4192,584.0
1185,-6.0
2930,73.0
4257,-220.0
1088,416.0
997,673.0
1812,3250.0
2360,1678.0
253,3401.0
3482,5706.0
3034,-102.0
141,0.0
3621,949.0
586,518.0
3583,149.0
4467,1577.0
2970,252.0
4478,0.0
2238,479.0
4504,1080.0
2267,185.0
4122,248.0
2240,1130.0
3165,37.0
3970,586.0
1756,-55.0
3269,48.0
3109,0.0
3915,0.0
2585,4895.0
2152,0.0
2594,292.0
1668,655.0
58,101.0
149,391.0
1157,23.0
2617,171.0
3675,349.0
921,136.0
2041,154.0
1933,474.0
117,4111.0
1647,0.0
49,4629.0
3848,1274.0
3054,334.0
898,793.0
2141,0.0
2036,-192.0
2653,0.0
3882,1198.0
3974,208.0
1843,247.0
4342,2284.0
3445,427.0
1502,635.0
3731,424.0
1367,169.0
1796,15.0
3234,3797.0
3321,1792.0
3765,3450.0
4385,1121.0
1153,369.0
1989,2926.0
4381,0.0
2168,1836.0
730,1146.0
1821,21244.0
3260,542.0
1192,475.0
2969,2408.0
3655,1242.0
3554,50.0
272,12186.0
3775,3355.0
2509,0.0
1058,1390.0
2606,5543.0
3551,2416.0
3810,3658.0
580,361.0
869,150.0
413,0.0
3177,11797.0
4247,0.0
1270,122.0
1567,2934.0
2180,11.0
335,447.0
877,19358.0
2843,1439.0
1993,419.0
1690,751.0
1687,809.0
1581,406.0
1534,2171.0
110,2488.0
2449,925.0
0,1787.0
2752,8627.0
2642,143.0
870,839.0
529,1584.0
2786,6307.0
3478,320.0
1177,4579.0
2574,259.0
2026,894.0
3145,976.0
3529,2731.0
1037,2767.0
3860,51.0
38,3935.0
1944,333.0
2871,2431.0
462,0.0
2297,118.0
700,3.0
1260,-56.0
3610,-435.0
2002,1583.0
159,1641.0
1126,610.0
4309,1547.0
4318,-32.0
4149,92.0
1779,13711.0
1906,15.0
2473,-1053.0
3601,293.0
3394,4.0
2317,6570.0
2429,203.0
3527,2411.0
1553,3990.0
3998,724.0
4152,6844.0
2383,0.0
1688,-278.0
2989,42045.0
1190,0.0
2857,368.0
2099,6922.0
3355,937.0
3980,784.0
3480,440.0
1881,27359.0
2798,141.0
1094,1012.0
3855,-9.0
2233,4500.0
3917,12.0
520,0.0
2670,0.0
802,643.0
649,252.0
1140,3875.0
273,524.0
3288,2921.0
2577,2226.0
2289,681.0
83,657.0
4022,5.0
2914,655.0
514,-381.0
2879,848.0
3632,0.0
1675,1666.0
2,1350.0
470,8969.0
3556,3726.0
3856,83.0
2386,16992.0
1356,604.0
3226,1518.0
2406,3064.0
3804,1670.0
1390,603.0
2926,1465.0
3522,89.0
3330,0.0
8,221.0
1635,687.0
2853,9305.0
3363,467.0
3528,225.0
1628,821.0
1105,2885.0
2437,0.0
2029,0.0
460,383.0
4503,362.0
192,1372.0
3562,424.0
759,233.0
657,43.0
1811,-101.0
1054,787.0
2154,63.0
927,1097.0
2160,3387.0
1758,-336.0
2991,0.0
1916,3921.0
1293,743.0
849,976.0
1994,4758.0
3847,385.0
2951,55.0
519,5207.0
4112,96.0
2387,23.0
33,2536.0
1495,79.0
4026,3601.0
1046,285.0
16,4073.0
436,259.0
3446,8876.0
1952,6046.0
740,3250.0
2334,3132.0
1831,-59.0
3176,4745.0
4312,20.0
3573,328.0
2903,4446.0
2055,568.0
99,406.0
3992,1287.0
856,-1680.0
1501,57.0
789,511.0
2213,822.0
1893,69.0
3117,2145.0
2021,0.0
2711,677.0
4360,296.0
2372,3403.0
2470,1042.0
555,1314.0
48,-849.0
1422,4738.0
1572,2023.0
4397,305.0
3508,14363.0
2703,137.0
745,66.0
1496,3945.0
3296,590.0
2736,1157.0
3192,6968.0
3907,1318.0
3462,360.0
1454,1893.0
3958,2594.0
2400,104.0
4034,57.0
3409,316.0
748,2643.0
2966,254.0
3229,5310.0
2822,170.0
4052,20.0
1506,475.0
683,985.0
1654,-312.0
2583,2557.0
3358,365.0
2460,155.0
378,7290.0
3605,88.0
1895,192.0
3609,0.0
1183,-33.0
1487,82.0
3223,0.0
2807,1088.0
1048,1337.0
2490,96.0
2563,865.0
3451,766.0
3090,2764.0
3761,400.0
960,196.0
2285,5780.0
1446,4665.0
1661,-11.0
3037,11.0
194,9216.0
3613,2718.0
153,8104.0
3162,191.0
2710,0.0
749,49.0
3902,1011.0
3697,179.0
1310,0.0
780,1134.0
1055,3343.0
1968,0.0
981,3412.0
2340,132.0
2622,1009.0
3972,2061.0
385,61.0
3923,-464.0
3567,-120.0
1622,-183.0
4147,227.0
183,6.0
4350,-20.0
621,6619.0
4262,2308.0
2396,877.0
2079,4335.0
583,-53.0
4089,-53.0
1979,-186.0
1388,518.0
1789,641.0
4480,1158.0
3866,0.0
303,1287.0
3133,3242.0
715,-635.0
60,-516.0
636,2195.0
51,228.0
2313,370.0
185,1972.0
3788,390.0
275,4.0
3553,19317.0
4285,0.0
2684,67.0
2552,-19.0
2908,13658.0
2128,1327.0
2248,1438.0
2244,145.0
565,56.0
2785,902.0
488,1187.0
3756,96.0
2102,2262.0
2521,3533.0
4,0.0
3350,389.0
3854,1843.0
3940,1847.0
2791,782.0
2680,0.0
1481,192.0
136,428.0
3191,137.0
4446,246.0
1250,1897.0
4238,197.0
2783,632.0
1033,534.0
3395,1416.0
2939,-131.0
1988,985.0
29,105.0
3635,553.0
872,716.0
3259,428.0
3760,0.0
1393,4424.0
62,5887.0
507,360.0
2165,1707.0
3150,9146.0
3536,231.0
4494,668.0
3492,954.0
2095,319.0
1942,2169.0
3975,-315.0
461,283.0
227,359.0
1614,2378.0
3216,648.0
611,14.0
3786,921.0
1745,282.0
2875,778.0
597,189.0
342,0.0
1644,0.0
1061,1122.0
4507,288.0
1431,351.0
4229,6.0
3375,452.0
3537,76.0
2226,83.0
631,8023.0
2250,207.0
566,211.0
4038,353.0
1973,139.0
2088,592.0
1642,353.0
154,501.0
311,559.0
964,255.0
3742,137.0
50,844.0
2323,2.0
1591,2815.0
1155,259.0
1932,350.0
992,879.0
4386,355.0
481,237.0
1015,520.0
4277,2225.0
3912,80.0
3014,-74.0
4279,-6.0
3502,883.0
1333,628.0
2212,3301.0
2057,18.0
283,63.0
4204,902.0
128,228.0
4079,-118.0
411,186.0
3733,674.0
2938,1553.0
1802,432.0
3924,1989.0
2404,592.0
760,817.0
2200,431.0
276,11219.0
2654,1133.0
417,999.0
2860,2590.0
3085,27.0
4340,2548.0
2367,838.0
81,5.0
2067,22.0
434,217.0
537,63.0
3235,53.0
30,4189.0
619,7050.0
1693,2442.0
1886,902.0
3228,-401.0
4348,225.0
868,141.0
297,-311.0
3570,209.0
4130,473.0
1443,102.0
1908,-27.0
1099,5278.0
63,1355.0
1768,1094.0
874,15030.0
1939,315.0
4215,1978.0
3771,997.0
3370,64.0
3181,331.0
3963,7337.0
504,3872.0
4054,1532.0
3293,133.0
1181,1076.0
1491,351.0
3327,3953.0
1645,353.0
1586,100.0
1069,7108.0
2545,-228.0
78,388.0
3455,-305.0
112,217.0
3652,1070.0
2018,7010.0
3144,459.0
3139,1076.0
1030,-70.0
602,12519.0
3557,1180.0
31,171.0
4202,33.0
618,1570.0
1232,1521.0
1320,60.0
518,902.0
355,209.0
914,9.0
2176,-46.0
3214,-204.0
1751,1598.0
2308,5195.0
93,3616.0
46,145.0
1124,189.0
1835,-3.0
1632,55.0
2717,2325.0
1805,15834.0
2836,3931.0
3243,390.0
1665,2237.0
2689,4213.0
4023,3529.0
1801,579.0
4487,32.0
1736,100.0
595,1034.0
165,2104.0
195,39.0
3418,326.0
630,2.0
698,340.0
2189,778.0
2815,267.0
753,65.0
2111,0.0
4175,-148.0
2004,1065.0
1449,1224.0
1839,103.0
922,16353.0
119,25.0
2767,1121.0
1132,4567.0
3700,71188.0
3797,2325.0
2388,0.0
1346,1499.0
3637,78.0
207,1599.0
1583,484.0
4356,1415.0
2708,287.0
3668,235.0
2208,1325.0
179,0.0
3755,3975.0
1612,415.0
2645,3074.0
1216,15459.0
1399,316.0
4311,1790.0
3273,3014.0
41,553.0
725,1010.0
1445,413.0
3524,0.0
2264,-15.0
3608,13893.0
1076,2206.0
408,438.0
4327,653.0
2171,18.0
1990,-449.0
3010,0.0
2886,92.0
1669,1048.0
463,3102.0
966,0.0
3640,428.0
2315,1623.0
3920,613.0
2803,1.0
1742,150.0
949,106.0
1467,0.0
1360,1014.0
4222,220.0
196,5563.0
521,665.0
1545,0.0
2777,-352.0
1625,1746.0
3845,1495.0
4272,199.0
186,899.0
3289,16264.0
2043,255.0
3384,847.0
2347,71.0
1830,774.0
638,275.0
1854,2646.0
2644,9.0
506,217.0
4425,505.0
3803,28.0
3495,2590.0
3261,66.0
1096,217.0
2646,1734.0
1571,49.0
2519,0.0
1715,3732.0
2188,1693.0
4406,2116.0
3390,66.0
1097,2096.0
4254,0.0
3101,2657.0
1999,-73.0
792,279.0
4245,6563.0
4037,0.0
296,451.0
1784,810.0
1318,-346.0
1212,490.0
210,9149.0
1173,2729.0
4419,75.0
4040,27.0
793,1405.0
3263,24.0
589,105.0
1734,872.0
4153,440.0
637,33.0
201,1526.0
3627,-229.0
677,60.0
1725,1191.0
4410,-35.0
2256,764.0
660,666.0
45,872.0
4150,8023.0
1477,428.0
3762,7495.0
918,18.0
3550,5774.0
2150,388.0
1640,12.0
900,5235.0
954,5920.0
969,3873.0
4324,100.0
2990,828.0
610,72.0
1059,808.0
1480,8647.0
2835,489.0
3232,856.0
3015,0.0
653,1343.0
895,1407.0
523,233.0
889,9269.0
2738,1043.0
3143,-630.0
585,38.0
4435,4888.0
339,10924.0
2818,25.0
3493,-679.0
4367,4210.0
440,4303.0
2235,46.0
840,-298.0
489,641.0
2524,1257.0
1663,-191.0
286,1060.0
2633,1200.0
3983,1871.0
1935,757.0
1657,669.0
323,1199.0
3382,897.0
426,973.0
3809,161.0
767,1022.0
4450,3316.0
3564,-970.0
2405,0.0
3965,5092.0
453,34.0
676,2.0
324,214.0
224,1691.0
1300,5845.0
2706,2457.0
3512,335.0
1442,1388.0
917,1259.0
4029,487.0
3743,-247.0
3051,0.0
3346,865.0
1029,266.0
1459,433.0
3217,50.0
2520,4425.0
2512,104.0
2992,3940.0
3435,178.0
1424,0.0
2024,216.0
1562,7727.0
3883,169.0
4459,223.0
866,3671.0
3867,172.0
3799,1664.0
3084,4646.0
3653,84.0
1889,1205.0
646,272.0
2481,931.0
1697,7.0
4050,47.0
2122,817.0
3093,71.0
682,4153.0
814,-75.0
1321,17.0
2199,148.0
1245,0.0
2216,1671.0
3664,351.0
797,111.0
1325,1027.0
2535,7513.0
2393,2105.0
114,331.0
1841,1680.0
3290,1672.0
3094,3948.0
2582,9.0
1176,-470.0
3236,2519.0
1166,5514.0
1775,7124.0
930,-119.0
1194,1825.0
1610,1019.0
4484,3436.0
4439,330.0
1234,8.0
3469,750.0
2806,5715.0
627,374.0
2196,26306.0
2731,1159.0
455,117.0
3532,3620.0
647,6269.0
1643,330.0
3009,93.0
4288,0.0
891,882.0
2972,45.0
1086,3025.0
3211,2707.0
2539,14.0
2379,1491.0
3197,25.0
4361,42.0
853,113.0
2471,2488.0
2912,-276.0
241,4012.0
3268,788.0
130,168.0
3474,4280.0
1874,-406.0
1508,375.0
2500,807.0
1976,113.0
2874,555.0
738,1855.0
3934,8902.0
1947,3188.0
2174,819.0
2693,0.0
1700,2960.0
1537,690.0
2401,1750.0
3329,13204.0
2837,699.0
4048,818.0
3064,1696.0
1374,706.0
4128,1268.0
3981,24.0
3942,3371.0
3566,181.0
4520,1136.0
3875,4848.0
3546,6495.0
1032,538.0
1724,410.0
1040,1613.0
1249,493.0
2009,702.0
2468,1323.0
349,2303.0
3035,4809.0
321,-67.0
3501,151.0
1884,-735.0
1708,76.0
2562,7378.0
4110,236.0
1987,1063.0
746,-41.0
941,0.0
947,888.0
226,-204.0
3607,1164.0
1927,4657.0
4441,12877.0
3005,3735.0
3954,-287.0
3572,0.0
833,3190.0
896,25.0
4208,626.0
3599,2814.0
4013,839.0
2037,1942.0
2382,122.0
1799,13.0
3410,9324.0
1732,1910.0
1924,-329.0
4101,559.0
79,219.0
1597,876.0
769,1944.0
358,4099.0
761,1128.0
1256,218.0
3183,132.0
1580,0.0
2537,5116.0
228,123.0
1678,-405.0
3372,1160.0
819,58.0
1620,689.0
391,0.0
1650,356.0
2944,242.0
3069,800.0
2745,1657.0
2760,985.0
1273,411.0
1294,209.0
2255,1531.0
713,1790.0
1123,188.0
32,42.0
157,273.0
2279,327.0
1025,1044.0
3377,2033.0
95,1567.0
3995,0.0
1343,1233.0
923,-63.0
3456,670.0
799,1012.0
2132,0.0
1430,-563.0
252,410.0
1102,7289.0
1345,69.0
1057,736.0
3685,-67.0
256,415.0
4174,10907.0
2621,431.0
1106,137.0
2204,47.0
1460,756.0
1813,1375.0
2847,6728.0
2017,925.0
3889,4402.0
4135,802.0
3040,2374.0
1664,132.0
369,946.0
1918,-179.0
576,0.0
1754,1445.0
377,393.0
2809,75.0
2952,1123.0
3895,3706.0
3135,1808.0
2625,2111.0
133,0.0
4400,5.0
805,2125.0
3419,2552.0
629,2764.0
3836,3663.0
622,-84.0
1526,1025.0
3709,6649.0
1795,2830.0
3361,6839.0
1141,-337.0
3364,1876.0
4053,360.0
3459,79.0
1764,1992.0
913,-29.0
3052,4610.0
4273,99.0
3646,312.0
1466,69.0
1907,7813.0
3581,4543.0
2727,-179.0
313,2.0
925,511.0
3908,167.0
963,3723.0
620,3704.0
2887,470.0
2034,473.0
4308,5597.0
1266,895.0
1309,625.0
592,108.0
3768,0.0
44,2204.0
2146,8883.0
950,0.0
2516,1882.0
1498,837.0
1484,276.0
1685,1062.0
1426,157.0
1439,501.0
3044,7.0
2230,-552.0
795,162.0
2127,267.0
161,4590.0
522,738.0
664,324.0
4345,174.0
2740,461.0
847,0.0
2667,43.0
4125,-393.0
1184,430.0
3725,-384.0
428,2366.0
1619,249.0
3896,1177.0
2619,823.0
88,424.0
2265,1929.0
3881,1679.0
4180,210.0
3574,0.0
2979,359.0
3239,2087.0
2482,565.0
4072,0.0
3129,0.0
578,171.0
4260,0.0
3128,195.0
2993,125.0
2910,96.0
3726,473.0
4412,2679.0
3976,-13.0
2352,179.0
1269,158.0
3438,3096.0
3878,13683.0
2306,6.0
2162,-1.0
2107,649.0
1589,245.0
1465,124.0
72,6248.0
604,0.0
213,11494.0
1576,117.0
3196,137.0
2325,883.0
890,1206.0
2712,340.0
3753,878.0
2719,230.0
1704,5958.0
3136,20.0
1489,6421.0
929,340.0
2527,398.0
2080,44.0
1510,1415.0
786,0.0
4499,942.0
4346,10888.0
1937,-770.0
4299,0.0
1254,0.0
3029,2303.0
39,363.0
3806,603.0
1229,-79.0
3911,2294.0
2953,691.0
4006,471.0
4428,439.0
384,8.0
4373,225.0
162,-256.0
1031,25824.0
2113,2304.0
20,0.0
3420,1283.0
1242,298.0
2859,8627.0
830,0.0
593,660.0
403,-285.0
2076,1427.0
150,89.0
1925,0.0
430,995.0
3102,313.0
85,1466.0
3787,483.0
2663,575.0
438,644.0
2643,212.0
581,227.0
1493,-41.0
1406,2524.0
3341,459.0
2433,796.0
1956,680.0
726,509.0
2977,1514.0
2665,3733.0
334,424.0
838,454.0
4473,4790.0
3020,64.0
4401,7929.0
1164,2893.0
4124,13.0
4142,3939.0
1362,2597.0
3301,4256.0
399,7685.0
2163,1490.0
4265,1073.0
3633,629.0
3720,3180.0
1065,0.0
828,168.0
182,6979.0
3153,328.0
785,-230.0
2561,0.0
4045,60.0
1279,913.0
800,2881.0
4236,92.0
1453,518.0
758,1136.0
2275,-206.0
3686,4539.0
2518,175.0
2007,4787.0
4328,3608.0
920,221.0
1411,0.0
4431,190.0
4223,0.0
1028,0.0
152,-249.0
4417,302.0
2797,18.0
4339,225.0
21,16.0
2909,406.0
1957,799.0
4218,5057.0
4188,487.0
862,1020.0
1007,410.0
3798,0.0
1917,980.0
3404,453.0
1718,704.0
542,0.0
42,1117.0
2307,2515.0
2167,907.0
3852,194.0
1504,225.0
2070,8304.0
3392,180.0
3678,558.0
3894,0.0
1726,-47.0
225,406.0
2259,326.0
1160,157.0
2876,48.0
3706,355.0
4372,4787.0
2704,2705.0
695,35.0
281,1148.0
336,-195.0
4074,4086.0
3006,2094.0
208,-196.0
825,1957.0
613,231.0
575,937.0
4051,279.0
1109,1.0
2345,512.0
1630,1.0
1020,994.0
2963,12569.0
656,2538.0
2044,529.0
879,183.0
2452,401.0
2884,5.0
1,4789.0
3255,284.0
2495,917.0
2428,229.0
2350,0.0
2932,1351.0
1804,857.0
776,3.0
2623,286.0
3295,202.0
1090,-502.0
4403,267.0
1469,259.0
1233,131.0
705,1354.0
2597,-587.0
1866,1503.0
2974,-710.0
4363,13156.0
1582,2558.0
1829,253.0
2271,171.0
4266,1700.0
328,978.0
1416,578.0
3205,680.0
1448,101.0
1482,0.0
2046,1903.0
3654,2.0
550,211.0
3807,276.0
2811,134.0
1512,3638.0
3835,19.0
1062,-568.0
2935,435.0
1560,1339.0
3544,-110.0
2157,523.0
1397,631.0
1107,1239.0
577,-558.0
2224,2154.0
2749,994.0
2499,5355.0
591,1048.0
3060,0.0
2001,137.0
1145,0.0
4166,344.0
2438,691.0
2270,319.0
4268,0.0
2936,717.0
3366,247.0
2110,-498.0
3899,3357.0
731,1092.0
1806,3370.0
2604,0.0
1238,2.0
2958,309.0
3160,802.0
3997,275.0
4160,1044.0
2013,609.0
3538,302.0
2735,459.0
1605,-2.0
1573,372.0
1926,391.0
4017,3800.0
134,769.0
1252,868.0
3174,168.0
1389,85.0
2948,1511.0
848,4900.0
143,874.0
90,111.0
2032,1727.0
2314,-182.0
1859,0.0
2094,100.0
3303,238.0
4383,609.0
223,204.0
370,497.0
2133,214.0
2920,9.0
3757,2288.0
1703,507.0
4164,506.0
4060,296.0
2976,56.0
1548,6145.0
4116,1621.0
3473,89.0
1563,204.0
605,88.0
3503,266.0
3750,2628.0
274,0.0
1263,4667.0
131,0.0
2272,-1148.0
1304,2685.0
2320,0.0
2194,-50.0
429,542.0
34,1235.0
3156,589.0
3,1476.0
2488,700.0
1070,1049.0
886,65.0
2855,0.0
1043,780.0
3429,7735.0
1546,0.0
2040,1053.0
3326,1472.0
706,123.0
625,146.0
4344,364.0
2878,12.0
1101,1480.0
2881,12223.0
1782,-219.0
4303,834.0
1941,0.0
1490,443.0
2003,-121.0
2033,664.0
733,1158.0
3778,8.0
2116,4897.0
3962,1331.0
4212,14058.0
483,0.0
845,-932.0
1268,0.0
1652,-306.0
1407,9019.0
1959,2523.0
1395,3234.0
4173,220.0
2864,1649.0
4433,-17.0
3258,0.0
2344,0.0
1977,-612.0
423,876.0
3938,162.0
772,350.0
19,132.0
3665,5533.0
3576,1384.0
4449,360.0
4498,1183.0
2242,10.0
1902,318.0
1723,97.0
1438,2927.0
2890,440.0
4167,0.0
2666,574.0
2337,0.0
2794,1910.0
3019,2610.0
1760,0.0
395,288.0
3662,128.0
3667,35.0
2430,1818.0
1864,923.0
4041,474.0
2696,9756.0
2183,174.0
4246,0.0
3724,1040.0
1746,2139.0
1837,3.0
3388,66.0
4390,4795.0
2800,2715.0
2799,2886.0
3408,8669.0
3022,342.0
4409,107.0
1499,-94.0
2844,120.0
4035,2246.0
2744,0.0
650,23663.0
512,195.0
3198,759.0
681,251.0
3824,2706.0
77,591.0
3636,1057.0
2614,705.0
1636,4968.0
446,2363.0
4137,3940.0
1891,656.0
3947,-19.0
1150,5957.0
234,3096.0
89,1831.0
4226,395.0
4057,100.0
1078,0.0
309,605.0
1370,751.0
3342,8131.0
3859,4503.0
919,-76.0
1377,0.0
3949,21.0
3484,-559.0
2924,2039.0
3202,8556.0
1305,-14.0
412,3810.0
3526,-149.0
2771,610.0
2536,29.0
1473,70.0
476,149.0
4462,2678.0
2081,286.0
3079,879.0
3297,442.0
1200,1407.0
3849,362.0
4100,436.0
4201,-872.0
2203,3552.0
1662,1164.0
389,109.0
1289,607.0
2829,818.0
1954,-37.0
1677,263.0
1220,640.0
3543,6.0
827,882.0
571,1138.0
222,365.0
3443,6767.0
3795,5731.0
4070,481.0
2035,0.0
2173,1210.0
962,2347.0
728,3071.0
4211,3792.0
87,293.0
2123,348.0
1602,162.0
685,1550.0
2661,1238.0
454,795.0
3616,16.0
3347,340.0
2423,654.0
4191,1130.0
3851,802.0
2968,4855.0
3885,1249.0
3071,347.0
3317,808.0
1627,897.0
4301,371.0
3468,889.0
3074,475.0
66,338.0
4094,969.0
3961,18.0
1281,0.0
4244,83.0
1022,1243.0
4190,150.0
1275,-217.0
2865,9228.0
1629,130.0
3325,416.0
3982,72.0
4365,150.0
1676,168.0
2681,-220.0
2447,665.0
1858,622.0
3292,356.0
2058,201.0
3167,806.0
3461,5039.0
894,0.0
1206,6016.0
193,1981.0
4271,1279.0
998,-342.0
3011,26394.0
2916,10218.0
3352,384.0
3244,712.0
3913,2537.0
4228,-206.0
606,1020.0
3857,433.0
2104,1513.0
1272,0.0
3161,556.0
53,1539.0
2112,22.0
2145,-363.0
3968,1831.0
2739,2098.0
3496,331.0
1392,-98.0
727,2929.0
271,174.0
2487,137.0
3070,75.0
2856,2486.0
191,215.0
2435,1548.0
3036,279.0
432,228.0
2378,1439.0
3869,649.0
2560,1071.0
4185,271.0
4516,-333.0
3582,0.0
1953,980.0
1721,262.0
4424,1557.0
2389,6072.0
892,5291.0
348,0.0
2672,-540.0
742,0.0
3547,35.0
1905,273.0
669,4063.0
2999,294.0
3172,481.0
978,262.0
722,55.0
2571,4287.0
4123,126.0
3453,3107.0
82,177.0
2477,732.0
1014,470.0
14,360.0
1929,705.0
2476,2571.0
850,148.0
4375,92.0
501,2.0
2453,581.0
863,489.0
904,-459.0
265,1516.0
250,395.0
3658,1347.0
617,36.0
4090,944.0
442,275.0
905,198.0
1911,115.0
393,0.0
3100,747.0
2508,-7.0
836,16.0
991,3913.0
2075,473.0
2965,3587.0
4197,1883.0
818,1209.0
3437,209.0
3651,0.0
609,342.0
2587,389.0
3242,15.0
912,1017.0
3989,462.0
1425,495.0
826,454.0
3828,-120.0
843,671.0
3190,186.0
2284,3060.0
3905,0.0
3209,60.0
1082,50.0
416,2070.0
3332,22546.0
1138,56.0
4461,164.0
3671,67.0
4210,78.0
4495,1175.0
2652,1011.0
3251,1801.0
959,3315.0
3221,0.0
2533,2416.0
4465,623.0
1785,300.0
3091,376.0
